c1,c2,c3,c4,c5,c6
"Contravention of Act, regulation, order &c",214,1,,,"Any person-(a) who contravenes any provision of this Act or any regulation, or fails to comply with any order, direction, demand, requirement or notice lawfully issued, made or given under any provision of this Act or any regulation; or(b) who, being holder of any permit or licence granted or issued under this Act, fails to comply with any condition attached to that permit or licence, as the case may be, shall be guilty of an offence under this Act."
"Contravention of Act, regulation, order &c",214,1,a,,"who contravenes any provision of this Act or any regulation, or fails to comply with any order, direction, demand, requirement or notice lawfully issued, made or given under any provision of this Act or any regulation; or"
"Contravention of Act, regulation, order &c",214,1,b,,"who, being holder of any permit or licence granted or issued under this Act, fails to comply with any condition attached to that permit or licence, as the case may be, shall be guilty of an offence under this Act."
"Contravention of Act, regulation, order &c",214,2,,,"Where a motor vehicle is used, or where anything is done or omitted to be done in connexion with a motor vehicle, in contravention of any provision of this Act or any regulation-(a) the person, if any, on whom a duty or prohibition, or the liability in respect of such contravention, is imposed by such provision or regulation, shall be guilty of an offence under this Act; and(b) the driver and the owner of the motor vehicle shall also be guilty of an offence under this Act, notwithstanding that a duty or prohibition, or the liability in respect of such contravention is not expressly imposed by such provision or regulation on the driver or the owner:Provided, however, that-(i) the driver shall not under paragraph (b) be deemed to be guilty of an offence under this Act, if he proves to the satisfaction of the court that the contravention was not due to any act, omission, default or neglect on his part;(ii) the owner, if he was not present in the motor vehicle at the time of such contravention, shall not be deemed under paragraph (b) to be guilty of an offence under this Act, if he proves to the satisfaction of the court that the contravention was committed without his consent or was not due to any act or omission on his part or that he had taken reasonable precautions to prevent such contravention;(iii) the owner shall not, in the case of a contravention of any provision of Part VIII or of any regulation made under section 190 (other than a provision or regulation by which a duty, prohibition or liability is expressly imposed on the owner) be deemed under paragraph (b) to be guilty of an offence under this Act unless he aided and abetted such contravention."
"Contravention of Act, regulation, order &c",214,2,a,,"the person, if any, on whom a duty or prohibition, or the liability in respect of such contravention, is imposed by such provision or regulation, shall be guilty of an offence under this Act; and"
"Contravention of Act, regulation, order &c",214,2,b,,"the driver and the owner of the motor vehicle shall also be guilty of an offence under this Act, notwithstanding that a duty or prohibition, or the liability in respect of such contravention is not expressly imposed by such provision or regulation on the driver or the owner:"
"Contravention of Act, regulation, order &c",214,2,b,,"Provided, however, that-(i) the driver shall not under paragraph (b) be deemed to be guilty of an offence under this Act, if he proves to the satisfaction of the court that the contravention was not due to any act, omission, default or neglect on his part;(ii) the owner, if he was not present in the motor vehicle at the time of such contravention, shall not be deemed under paragraph (b) to be guilty of an offence under this Act, if he proves to the satisfaction of the court that the contravention was committed without his consent or was not due to any act or omission on his part or that he had taken reasonable precautions to prevent such contravention;(iii) the owner shall not, in the case of a contravention of any provision of Part VIII or of any regulation made under section 190 (other than a provision or regulation by which a duty, prohibition or liability is expressly imposed on the owner) be deemed under paragraph (b) to be guilty of an offence under this Act unless he aided and abetted such contravention."
"Contravention of Act, regulation, order &c",214,2,b,i,"the driver shall not under paragraph (b) be deemed to be guilty of an offence under this Act, if he proves to the satisfaction of the court that the contravention was not due to any act, omission, default or neglect on his part;"
"Contravention of Act, regulation, order &c",214,2,b,ii,"the owner, if he was not present in the motor vehicle at the time of such contravention, shall not be deemed under paragraph (b) to be guilty of an offence under this Act, if he proves to the satisfaction of the court that the contravention was committed without his consent or was not due to any act or omission on his part or that he had taken reasonable precautions to prevent such contravention;"
"Contravention of Act, regulation, order &c",214,2,b,iii,"the owner shall not, in the case of a contravention of any provision of Part VIII or of any regulation made under section 190 (other than a provision or regulation by which a duty, prohibition or liability is expressly imposed on the owner) be deemed under paragraph (b) to be guilty of an offence under this Act unless he aided and abetted such contravention."
Attempt and abetment,215,,,,". Any person who attempts to commit, or abets the commission of, an offence under this Act shall be guilty of that offence."
Penalty for driving after consumption of alcohol or drugs,216,,,,"Any person who is guilty of the offence of contravening the provisions of subsection (1) of section 151 shall, on conviction after summary trial before a Magistrate, be liable to a fine not less than two thousand rupees or to imprisonment of either description for a term not exceeding three months or to both such fine and imprisonment and to the suspension of his driving licence for a period not exceeding twelve months."
Penalty for driving certain motor vehicles after the consumption of alcohol or drugs,216A,,,,"Any person who is guilty of the offence of contravening the provisions of subsection (1A) of section 151 shall, on conviction after summary trial before a Magistrate, be liable to a fine not less than three thousand rupees and to imprisonment of either description for a term not exceeding six months and to the cancellation of his driving licence."
Penalty for causing death or injury to persons by driving motor vehicles after consumption of alcohol or drugs.,216B,,,,"Any person who is guilty of the offence of contravening the provisions of subsection (IB) of section 151 shall, on conviction after summary trial before a Magistrate, be liable-"
"Penalty for causing death or injury to persons by driving motor vehicles after consumption of alcohol or drugs.[4,31 of 1979.]",216B,a,,,"where he causes death to any person, to imprisonment of either description for a term not less than two years and not exceeding ten years and to the cancellation of his driving licence;"
"Penalty for causing death or injury to persons by driving motor vehicles after consumption of alcohol or drugs.[4,31 of 1979.]",216B,b,,,"where he causes injury to any person, to a fine not less than five thousand rupees or to imprisonment of either description for a term not exceeding five years or to both such fine and imprisonment and to the cancellation of his driving licence."
Penalty for driving recklessly or dangerously.,217,1,,,"Any person who is guilty of the offence of contravening the provisions of section 151 (2) shall, on conviction .after summary trial before a Magistrate, be liable to a fine not exceeding five hundred rupees, and on a second or subsequent conviction, to a like fine or to rigorous imprisonment for a term not exceeding six months or to both such fine and imprisonment."
Penalty for driving recklessly or dangerously.,217,2,,,"Any person who is guilty of the Penalty for offence of contravening the provisions of driving section 151 (3) shall, on conviction after summary trial before a Magistrate, be liable to a fine not exceeding two hundred rupees."
Penalty for driving without insurance or security against third-party risks,218,,,,"Any person who is guilty of the offence of contravening the provisions of section 99 shall, on conviction after summary trial before a Magistrate, be liable to a fine not exceeding five hundred rupees or to imprisonment of cither description for a term not exceeding six months or to both such fine and imprisonment."
Penalty for giving false information,219,,,,Any person who-
Penalty for giving false information.,219,a,,,in or in connexion with any application-(i) for the registration of a motor vehicle or a revenue licence for a motor vehicle ; or(ii) for a driving licence or for the extension of the validity of such driving licence ; or(iii) for a conductor's licence or any other licence required by any regulation or any renewal thereof; or(iv) for any alteration or correction of any such licence ; or
Penalty for giving false information.,219,a,i,,for the registration of a motor vehicle or a revenue licence for a motor vehicle ; or
Penalty for giving false information.,219,a,ii,,for a driving licence or for the extension of the validity of such driving licence ; or
Penalty for giving false information.,219,a,iii,,for a conductor's licence or any other licence required by any regulation or any renewal thereof; or
Penalty for giving false information.,219,a,iv,,for any alteration or correction of any such licence ; or
Penalty for giving false information.,219,b,,,in or in connexion with any application made under Part IV or Part V ; or
Penalty for giving false information.,219,c,,,"in giving any information lawfully demanded or required under this Act or any regulation, makes any statement which to his knowledge is false or in any material respect misleading, shall be guilty of an offence under this Act, and on conviction after summary trial before a Magistrate shall be liable to a fine not exceeding five hundred rupees, or to imprisonment of cither description for a period not exceeding six months, or to both such fine and imprisonment."
Penalty for fraudulent imitation of revenue licences. &c.,220,1,,,"Any person who-(a) fraudulently uses or allows any other person to use; or(b) fraudulently imitates, alters, mutilates, defaces or destroys, any identification plate, or any certificate of registration, revenue licence for a motor vehicle, driving licence, permit issued under section 135 (4) or under Part IV or Part V, conductor's licence or any other licence, or any duplicate of any such permit or licence, issued or deemed to have been issued under this Act or any regulation, shall be guilty of an offence under this Act and shall on conviction after summary trial before a Magistrate be liable to a fine not exceeding five hundred rupees, or to imprisonment of either description for a term not exceeding six months, or to both such fine and imprisonment."
Penalty for fraudulent imitation of revenue licences. &c.,220,1,a,,fraudulently uses or allows any other person to use; or
Penalty for fraudulent imitation of revenue licences. &c.,220,1,b,,"fraudulently imitates, alters, mutilates, defaces or destroys, any identification plate, or any certificate of registration, revenue licence for a motor vehicle, driving licence, permit issued under section 135 (4) or under Part IV or Part V, conductor's licence or any other licence, or any duplicate of any such permit or licence, issued or deemed to have been issued under this Act or any regulation, shall be guilty of an offence under this Act and shall on conviction after summary trial before a Magistrate be liable to a fine not exceeding five hundred rupees, or to imprisonment of either description for a term not exceeding six months, or to both such fine and imprisonment."
Penalty for fraudulent imitation of revenue licences. &c.,220,2,,,"Any person who-(a) forges or fraudulently imitates or alters any certificate of insurance or certificate of security, or uses or causes or permits any other person to use any such certificate knowing it to be forged or fraudulently imitated or altered ; or(b) fraudulently uses or causes or permits any other person to use fraudulently any certificate of insurance or security ; or(c) knowingly makes any false statement or withholds any material information for the purpose of obtaining a certificate of insurance or a certificate of security,"
Penalty for fraudulent imitation of revenue licences. &c.,220,2,a,,"forges or fraudulently imitates or alters any certificate of insurance or certificate of security, or uses or causes or permits any other person to use any such certificate knowing it to be forged or fraudulently imitated or altered ; or"
Penalty for fraudulent imitation of revenue licences. &c.,220,2,b,,fraudulently uses or causes or permits any other person to use fraudulently any certificate of insurance or security ; or
Penalty for fraudulent imitation of revenue licences. &c.,220,2,c,,"knowingly makes any false statement or withholds any material information for the purpose of obtaining a certificate of insurance or a certificate of security,"
Penalty for fraudulent imitation of revenue licences. &c.,220,2,,,"shall be guilty of an offence under this Act and shall on conviction after summary trial before a Magistrate, be liable to a fine not exceeding five hundred rupees or to imprisonment of either description for a term not exceeding six months or to both such fine and imprisonment."
Penalty for fraudulent imitation of revenue licences. &c.,220,3,,,"Any person who issues a certificate of insurance or a certificate of security which he knows to be false in any material particular shall be guilty of an offence under this Act, and shall, on conviction after summary trial before a Magistrate, be liable to a fine not exceeding one thousand rupees or to imprisonment of either description for a term not exceeding six months or to both such fine and imprisonment."
Penalty for contravention of part IV and V .,221,,,,Any person-
Penalty for contravention of part IV and V .,221,a,,,"who is guilty of the offence of using any hiring car, private coach, omnibus or lorry in contravention of any provision of Part IV or Part V; or"
Penalty for contravention of part IV and V .,221,b,,,"who is guilty of the offence of failing to comply with any condition attached to a permit granted under any such Part,"
Offence by body corporate or partnership,222,,,,"Where the person convicted of an offence under this Act is a body corporate or a partnership, every director or officer of the body corporate, or every member of the partnership, as the case may be, shall each be deemed to be guilty of that offence unless he proves that the offence was committed without his knowledge or that he has used due diligence to prevent the commission of the offence."
Penalty for causing disappearance of evidence or giving false information relating to an offence,223,,,,"Any person who, knowing or having reason to believe that an offence under this Act has been committed in connexion with the use or the driving of a motor vehicle, causes any evidence of the commission of that offence to disappear with the intention of screening the offender from legal punishment, or with that intention gives any information respecting the offence which he knows or believes to be false, shall where that offence is not an offence within the meaning of sections 38 (3) and 198 of the Penal Code, be guilty of an offence under this Act, and shall, on conviction after summary trial before a Magistrate, be liable to a fine not exceeding five hundred rupees or to imprisonment of either description for "
General penalty,224,,,,".(Primary Court has exclusive Jurisdiction under section 33 of the Judicature Act read with Gazette Extraordinary No. 43/4 of 1979-07-02.) Any person guilty of any offence. for which no other punishment is expressly provided in this Act, shall, on conviction after summary trial before a Magistrate, be liable to a fine not exceeding one hundred rupees, and on a second or subsequent conviction, to a fine not exceeding two hundred rupees."
"Powers of court to order recovery of license fee and penalty[$ 4, 12 of 1975]",225,1,,,"Where any court convicts any person of the offence of possessing or using a motor vehicle in contravention of section 25 (1), and a certificate is produced, signed by the licensing authority and stating the amount payable as fee on a revenue licence for that motor vehicle under this Act and the penalty under section 227A of this Act, the court shall, in addition to any other punishment which it may impose for that offence, order a sum equal to that amount to be recovered from that person as though it were a fine imposed by the court ; and any such sum may be so recovered notwithstanding that it may exceed the amount of the fine which the court may in the exercise of its ordinary jurisdiction impose. Every such sum when recovered by the court, shall be disposed of in like manner as the fee and penalty payable on a revenue licence for that motor vehicle."
"Powers of court to order recovery of license fee and penalty[$ 4, 12 of 1975]",225,2,,,"Any person who is dissatisfied with any order made under subsection (1) may, if he appeals against the conviction in consequence of which the order was made, appeal against the order to the Court of Appeal and the provisions of Chapter XXVIII of the Code of Criminal Procedure Act shall, in so far as they apply to appeals in criminal cases, apply to such appeal"
"Powers of court to order recovery of license fee and penalty[$ 4, 12 of 1975]",225,3,,,"Where a sum equal to the fee payable on the revenue licence required for any motor vehicle in respect of any year or part of a year and the penalty is recovered from any person in pursuance of any order made under subsection (1) or by the Court of Appeal under subsection (2), and that motor vehicle is fit to be used on a highway and all other requirements of this Act relating to the licensing of motor vehicles have been complied with in respect of that motor vehicle, the licensing authority shall issue a revenue licence for that motor vehicle in respect of that year or part of a year in like manner as if the application for such licence had been duly made under Part III and accompanied by the amount of the fee and penalty."
Motor vehicle to be deemed to be property of registered owner for purposes of section 61 of the Code of Criminal Procedure Act,226,,,,For the purposes of section 61 of the Code of Criminal Procedure Act a motor vehicle shall be deemed to be the property of the person who for the time being is the registered owner of that vehicle.
Fees,227,,,,"Where in any case reference is made in this Act to a prescribed fee, reference shall be deemed to be made to such of the fees prescribed by regulation as may be appropriate to the case; and unless otherwise expressly provided by this Ordinance or by regulation made under the Revenue Collection Ordinance every such fee-"
Fees.,227,a,,,"shall be collected by means of revenue stamps to be provided by the person by whom the fee is payable, and to be cancelled by or by order of the Commissioner; and"
Fees.,227,b,,,shall be credited to the Consolidated Fund:
Fees.,227,b,,,"Provided, however, that no fee shall be payable in respect of-(i) the registration of any motor vehicle belonging to or exclusively used in the service at the State or belonging to the Government of such foreign stale as the Minister may, from time to time, specify by Notification published in the Gazette or belonging to the representative in Sri Lanka (by whatsoever name, title or designation called) of the Government of any foreign state so specified or the Trade Commissioner or consular officer in Sri Lanka of any such Government or persons on the staff of any such representative or Commissioner or consular officer; or(ii) the issue of a driving licence to, or the extension of the validity of the driving licence of, any member of the Sri Lanka Army for the purpose of authorizing such member to drive within Sri Lanka, on military duty, any type or description of motor vehicles used for military purposes; or(iii) the issue of a driving licence to or the extension of the validity of any such licence of the representative in Sri Lanka (by whatsoever name, title or designation called) of the Government of any foreign state specified by Notification published under paragraph (i) of this proviso or the Trade Commissioner in Sri Lanka of any such Government or the consular officer in Sri Lanka of any such Government or persons on the staff of any such representative or Commissioner or consular officer."
Fees.,227,b,i,,"the registration of any motor vehicle belonging to or exclusively used in the service at the State or belonging to the Government of such foreign stale as the Minister may, from time to time, specify by Notification published in the Gazette or belonging to the representative in Sri Lanka (by whatsoever name, title or designation called) of the Government of any foreign state so specified or the Trade Commissioner or consular officer in Sri Lanka of any such Government or persons on the staff of any such representative or Commissioner or consular officer; or"
Fees.,227,b,ii,,"the issue of a driving licence to, or the extension of the validity of the driving licence of, any member of the Sri Lanka Army for the purpose of authorizing such member to drive within Sri Lanka, on military duty, any type or description of motor vehicles used for military purposes; or"
Fees.,227,b,iii,,"the issue of a driving licence to or the extension of the validity of any such licence of the representative in Sri Lanka (by whatsoever name, title or designation called) of the Government of any foreign state specified by Notification published under paragraph (i) of this proviso or the Trade Commissioner in Sri Lanka of any such Government or the consular officer in Sri Lanka of any such Government or persons on the staff of any such representative or Commissioner or consular officer."
Levy of penalty often per centum for failure to pay licence fees on due date.,227A,,,,".(Section 227A has been taken over from section 29 of the Finance Act, No. 38 of 1971,.inserted by section 3 of the Final-f (Amendment) Law, No. 7 of 1974. ) Notwithstanding any of the provisions of this Act there shall be levied and collected a penalty amounting to ten per centum of the amount of any licence fee due under any regulation made under this Act, if payment of such licence fee is not made in full on or before the date on which such fee falls due for payment under this Act or under any Notification made under section 30A."
Power to declare urban areas.,228,,,,"Regulations may be made declaring any specified area, other than an area within the administrative limits of a local authority, to be an urban area for the purposes of this Act."
Regulation of petrol pumps.,229,,,,"Regulations may be made, at the request of any licensing authority-"
Regulation of petrol pumps.,229,a,,,permitting and regulating the construction and operation of pumps or other devices for the supply of petrol or other fuel for motor vehicles and imposing fees for the privilege;
Regulation of petrol pumps.,229,b,,,"for inspecting and testing the accuracy of such pumps or devices or testing the quality and specific gravity of such petrol or other fuel, and imposing fees for such inspection or testing; and"
Regulation of petrol pumps.,229,c,,,providing for the recovery and disposal of such fees.
Verification of facts in application,230,,,,"Any officer or authority to whom application is made for anything to be done under this Act may require any facts stated in the application, and any other necessary information, to be verified to his satisfaction"
Issue of duplicates.,231,1,,,"Any officer or authority by whom any certificate, permit or licence under this Act or any regulation has been granted or issued shall, upon proof to his satisfaction that such certificate, permit or licence has been lost, destroyed, defaced or damaged, issue a duplicate of the certificate, permit or licence to the person, entitled thereto ; and any duplicate so issued shall be deemed for all purposes to be a certificate, permit or licence, as the case may be, granted or issued in accordance with the provisions of this Act or of any regulation."
Issue of duplicates.,231,2,,,"No duplicate shall be issued by any officer or authority under subsection (1) on the ground that a certificate, permit or licence is surrendered to that officer or authority."
Issue of duplicates.,231,3,,,"(a) No duplicate of a driving licence shall be issued under subsection (1) unless the application is accompanied by two copies of a photograph of the applicant, of such size as may be prescribed and taken not earlier than six months before the date of the application.(b) Where any duplicate of a driving licence is issued under subsection (1), the Commissioner shall set out, on that duplicate, copies of all such endorsements or entries made on the licence as may be brought to his notice."
Issue of duplicates.,231,3,a,,"No duplicate of a driving licence shall be issued under subsection (1) unless the application is accompanied by two copies of a photograph of the applicant, of such size as may be prescribed and taken not earlier than six months before the date of the application."
Issue of duplicates.,231,3,b,,"Where any duplicate of a driving licence is issued under subsection (1), the Commissioner shall set out, on that duplicate, copies of all such endorsements or entries made on the licence as may be brought to his notice."
Issue of duplicates.,231,4,,,"(a) No duplicate of any certificate, permit or licence shall be issued by the Commissioner under this section except upon payment of the prescribed fee.(b) No duplicate of a revenue licence for a motor vehicle shall be issued by a licensing authority under this section except upon payment of the prescribed fee."
Issue of duplicates.,231,4,a,,"No duplicate of any certificate, permit or licence shall be issued by the Commissioner under this section except upon payment of the prescribed fee."
Issue of duplicates.,231,4,b,,No duplicate of a revenue licence for a motor vehicle shall be issued by a licensing authority under this section except upon payment of the prescribed fee.
Issue of duplicates.,231,5,,,"Where any duplicate is issued to any person under subsection (1) on the ground that a certificate, permit or licence was lost or destroyed, that person shall, if the certificate, permit or licence or any part thereof is subsequently recovered, forward such certificate, permit or licence or part thereof to the officer or authority by whom the duplicate is issued."
"Duty of owner to give information as to driver and occupants of motor vehicle,",232,,,,"Where any police officer or grama seva niladhari has reason to suspect that an offence in connexion with a motor vehicle has been committed, it shall be lawful for him or any other police officer or grama seva niladhari to require the owner of the motor vehicle to furnish all information in his possession as to the name, address, description, antecedents, and whereabouts of the driver, the conductor, if any, and the occupants of the motor vehicle at the time of the alleged offence."
Duty of owners to obtain information as to drivers and conductors.,233,,,,"The owner of a motor vehicle shall when he engages a driver or a conductor obtain from him the serial number of his driving licence or conductor's licence, as the case may be, and his full name and address"
"Recovery of damages for injury to highway bridge, &c.",234,,,,"If by reason of an offence under this Act any injury is caused to any highway, or bridge, or to any lamp-post, stand-pipe, telegraph or telephone post or wire, or a gate at a railway crossing, or to any other fixture or equipment of any description whatsoever, affixed or erected on or about a highway and in charge of any department of Government or of any local authority, the department or authority may cause such injury to be repaired, and may, either before or after the repairs are effected, recover the estimated or actual cost thereof from the owner of the motor vehicle which caused the injury."
Power of Commissioner to decide questions as to classification of motor vehicles,235,,,,"Where any question, as to the class to which a motor vehicle of any type or description should be 'deemed to belong, arises in connexion with the registration or licensing of that vehicle, the decision of the Commissioner on that question shall be final and conclusive for the purposes of this Act; and in deciding any such question the Commissioner shall have due regard to the construction and the equipment of the motor vehicle and the purpose for which it is intended to be used."
Certificate of examination to be admissible in evidence,236,,,,"Where, in any proceedings under this Act, any question arises as to whether a motor vehicle does or does not comply with any provision of this Act or any regulation, the certificate of any examiner, certifying officer or other prescribed person to the effect that he has examined the vehicle and stating the result of his examination, shall be admissible in evidence and shall be sufficient prima facie evidence of any fact or opinion stated therein relating to the matter in question, and the court shall not permit the examiner, officer or other person to be called for cross-examination on the certificate unless contrary evidence is given which appears to the court to be credible, or unless for any reason the court considers such cross-examination to be necessary in the interests of justice"
Procedure for making regulations.,237,1,,,"The Minister may make regulations for all matters for which regulations are required or authorized to be made under this Act, all matters stated or required by this Act to be prescribed, and all other matters incidental to or connected with such matters."
Procedure for making regulations.,237,2,,,"No regulation made by the Minister under this Act shall have effect until it has been approved by Parliament and notification of such approval is published in the Gazette. Every regulation shall, upon notification of such approval in the Gazette, be as valid and effectual as if it were herein enacted."
"Application of Act to persons and motor vehicles in the State service,",238,1,,,"Save as otherwise provided in this Act, the provisions of this Act shall apply in the case of persons and motor vehicles in the service of the State :"
"Application of Act to persons and motor vehicles in the State service,",238,1,,,"Provided, however, that the provisions of sections 2, 21 and 25 shall not apply in the case of any motor vehicle ordinarily used by the President; And provided further that regulations may, with the concurrence of the Minister in charge of the subject of Defence, be made exempting-(a) members, or any specified class or description of members, of the armed forces; and(b) motor vehicles, or any specified class or description of motor vehicles, which belong to or are exclusively used for the purpose of any of the armed forces, from all the provisions, or any specified provision, of this Act or of any regulations made thereunder."
"Application of Act to persons and motor vehicles in the State service,",238,1,a,,"members, or any specified class or description of members, of the armed forces; and"
"Application of Act to persons and motor vehicles in the State service,",238,1,b,,"motor vehicles, or any specified class or description of motor vehicles, which belong to or are exclusively used for the purpose of any of the armed forces, from all the provisions, or any specified provision, of this Act or of any regulations made thereunder."
"Application of Act to persons and motor vehicles in the State service,",238,2,,,"For the purposes of facilitating any exercises of the Services, the Minister may, with the concurrence of the Minister in charge of the subject of Defence, by Order-(a) declare that any specified highway or highways or part of any such highway shall be closed to traffic on any specified day or days or during any specified time on any specified day or days; and(b) declare that the provisions of this Act or any specified provisions of this Act shall not apply to the members of the armed forces participating in such exercises or to or in relation to the motor vehicles used for the purposes of such exercises."
"Application of Act to persons and motor vehicles in the State service,",238,2,a,,declare that any specified highway or highways or part of any such highway shall be closed to traffic on any specified day or days or during any specified time on any specified day or days; and
"Application of Act to persons and motor vehicles in the State service,",238,2,b,,declare that the provisions of this Act or any specified provisions of this Act shall not apply to the members of the armed forces participating in such exercises or to or in relation to the motor vehicles used for the purposes of such exercises.
"Application of Act to persons and motor vehicles in the State service,",238,3,,,"For the purposes of the preceding provisions of this section, the expression "" exercises of the Services"" includes any exercises, manoueuvres, training or movement of the armed forces."
Protection of public interests.,239,1,,,"It is hereby declared that nothing in this Act is to be treated as conferring on the holder of a permit or licence granted or issued thereunder any right to the continuance of any benefits arising from the provisions of this Act, or from a permit or licence, as the case may be, or from any conditions attached thereto."
Protection of public interests.,239,2,,,"It is hereby declared that in the event of the compulsory acquisition by the Government or by any local authority or prescribed public authority of any undertaking by which a service is provided under the authority of a stage carriage permit granted under Part IV of this Act, that part of the value of the undertaking attributable directly or indirectly to this Act shall not be taken into account."
Protection of public interests.,239,2,,,"In this section "" compulsory acquisition "" means compulsory acquisition under the authority of any written law which may hereafter be enacted in that behalf."
Provisions relating to stage carriage permits not to apply to omnibuses or hiring cars used for the purpose of providing regular or occasional omnibus services or hiring car services by the Regional Transport Boards,239A,,,,The provisions of this Act relating to stage carriage permits shall not apply to or in relation to-
"Provisions relating to stage carriage permits not to apply to omnibuses or hiring cars used for the purpose of providing regular or occasional omnibus services or hiring car services by the Regional Transport Boards.[ 36, Law 19 of 1978.]",239A,a,,,any omnibus used for the purposes of providing a regular or an occasional omnibus service; or
"Provisions relating to stage carriage permits not to apply to omnibuses or hiring cars used for the purpose of providing regular or occasional omnibus services or hiring car services by the Regional Transport Boards.[ 36, Law 19 of 1978.]",239A,b,,,"any hiring car used for the purpose of providing a hiring car service, by any Regional Transport Board established by the Transport Board Law, and accordingly no stage carriage permit shall be required for the registration of any such Regional Transport Board as the owner of such omnibus or for the grant of the revenue licence in respect of such omnibus, or for the use of such omnibus on any highway, or for any other purpose whatsoever connected with such omnibus."
Prohibition of grant of stage carriage permits for regular omnibus services,239B,,,,"Notwithstanding anything to the contrary in any other provisions of this Act, a stage carnage permit for a regular omnibus service shall not be granted to any person"
Removal of difficulties,239C,,,,".(Section 239C has been taken over from section 245 and renumbered section 239C) It shall be lawful for the Minister, by Order published in the Gazette, to make such provision as he may in his discretion consider necessary or expedient for the purpose of providing for any unforeseen or special circumstances, or of resolving, determining or adjusting any doubt, question or matter, which may arise in relation to the application of this Act or in respect of which provision is not made in this Act. Every Order made under this section shall upon publication thereof in the Gazette have the force of law and be as valid and effectual as if it were herein enacted."
