c1,c2,c3,c4,c5,c6
Users of motor vehicles to be insured or secured against or third-party risks-,99,1,,,"Save as is otherwise provided in subsection (2), no person shall use or drive, cause or permit any other person to use or drive, a motor vehicle on a highway unless there is in force in relation to the use of the vehicle by that person or that other person, as the case may be, a policy of insurance, or a security, in respect of third-party risks, in conformity with the requirements of this Part."
Users of motor vehicles to be insured or secured against or third-party risks-,99,2,,,"The provisions of subsection (1) shall not apply in the case of a motor vehicle belonging to the State or a local authority at any time when the motor vehicle is being used or driven for the purposes of the State service or, as the case may be, by a servant of the local authority in the course of his employment."
Requirements as to policies of insurance.,100,1,,,"In order to conform to the requirements of this Part a policy of insurance in relation to the use of a motor vehicle must be a policy which-(a) is issued by an insurer (hereinafter referred to as an "" authorized insurer "") who is authorized by the Minister in charge of the subject of Trade, subject to such conditions as may be prescribed, to issue policies of insurance for the purposes of this Part; and(b) insures, in accordance with the provisions of paragraph (c), such person, persons or classes of persons as may be specified in the policy in respect of any liability which may be incurred by him or them in respect of the death of or bodily injury to any person caused by or arising out of the use of the motor vehicle on a highway ; and(c)(i) in the case of a motor coach, or hiring car, covers any liability which is referred to in paragraph (b) and which may be incurred in respect of any one accident, up to an amount which shall not be less than twenty thousand rupees in respect of persons other than passengers, and up to an amount which shall not be less than two thousand rupees in respect of each passenger authorized to be carried therein;(ii) in the case of a lorry, covers any liability which is referred to in paragraph (b) and which may be incurred in respect of any one accident, up to an amount which shall not be less than twenty thousand rupees; or(iii) in the case of any other motor vehicle, covers any such liability which is referred to in paragraph (b) as may actually be incurred :"
Requirements as to policies of insurance.,100,1,a,,"is issued by an insurer (hereinafter referred to as an "" authorized insurer "") who is authorized by the Minister in charge of the subject of Trade, subject to such conditions as may be prescribed, to issue policies of insurance for the purposes of this Part; and"
Requirements as to policies of insurance.,100,1,b,,"insures, in accordance with the provisions of paragraph (c), such person, persons or classes of persons as may be specified in the policy in respect of any liability which may be incurred by him or them in respect of the death of or bodily injury to any person caused by or arising out of the use of the motor vehicle on a highway ; and"
Requirements as to policies of insurance.,100,1,c,,"(i) in the case of a motor coach, or hiring car, covers any liability which is referred to in paragraph (b) and which may be incurred in respect of any one accident, up to an amount which shall not be less than twenty thousand rupees in respect of persons other than passengers, and up to an amount which shall not be less than two thousand rupees in respect of each passenger authorized to be carried therein;(ii) in the case of a lorry, covers any liability which is referred to in paragraph (b) and which may be incurred in respect of any one accident, up to an amount which shall not be less than twenty thousand rupees; or(iii) in the case of any other motor vehicle, covers any such liability which is referred to in paragraph (b) as may actually be incurred :"
Requirements as to policies of insurance.,100,1,c,i,"in the case of a motor coach, or hiring car, covers any liability which is referred to in paragraph (b) and which may be incurred in respect of any one accident, up to an amount which shall not be less than twenty thousand rupees in respect of persons other than passengers, and up to an amount which shall not be less than two thousand rupees in respect of each passenger authorized to be carried therein;"
Requirements as to policies of insurance.,100,1,c,ii,"in the case of a lorry, covers any liability which is referred to in paragraph (b) and which may be incurred in respect of any one accident, up to an amount which shall not be less than twenty thousand rupees; or"
Requirements as to policies of insurance.,100,1,c,iii,"in the case of any other motor vehicle, covers any such liability which is referred to in paragraph (b) as may actually be incurred :"
Requirements as to policies of insurance.,100,1,,,"Provided that nothing in this subsection shall be deemed to require any such policy to cover-(i) liability in respect of the death of any person in the employment of a person insured by the policy, or in respect of bodily injury sustained by any person so employed, where such death or injury arises out of and in the course of such employment;(ii) except in the case of a motor vehicle in which passengers are carried for fee or reward or by reason of or in pursuance of a contract of employment, liability in respect of the death of or bodily injury to persons being carried in or upon or entering or getting on to or alighting from the vehicle at the time of the occurrence of the event out of which the claims arise ; or(iii) any contractual liability."
Requirements as to policies of insurance.,100,1,i,,"liability in respect of the death of any person in the employment of a person insured by the policy, or in respect of bodily injury sustained by any person so employed, where such death or injury arises out of and in the course of such employment;"
Requirements as to policies of insurance.,100,1,ii,,"except in the case of a motor vehicle in which passengers are carried for fee or reward or by reason of or in pursuance of a contract of employment, liability in respect of the death of or bodily injury to persons being carried in or upon or entering or getting on to or alighting from the vehicle at the time of the occurrence of the event out of which the claims arise ; or"
Requirements as to policies of insurance.,100,1,iii,,any contractual liability.
Requirements as to policies of insurance.,100,2,,,The conditions prescribed for the purposes of paragraph (a) of subsection (1) may include a condition requiring a deposit to be made by an insurer.
Requirements as to policies of insurance.,100,3,,,"Notwithstanding anything in any other law to the contrary, an insurer issuing a policy of insurance for the purposes of this Part shall be liable to indemnify the persons or classes of persons specified in the policy in respect of any liability which the policy purports to cover in the case of those persons or classes of persons."
Requirements as to policies of insurance.,100,4,,,A policy of insurance shall be of no effect for the purposes of this Part unless and until there is issued by the insurer to the person by whom the policy is effected a certificate in the prescribed form containing such particulars of any conditions subject to which the policy is issued and of such other matters as may be prescribed.
Requirements as to policies of insurance.,100,5,,,"In this Part the expression "" policy of insurance "" includes a covering note."
Requirements as to securities.,101,1,,,"In order to conform to the requirements of this Part a security in relation to the use of a motor vehicle must-(a) be given either by an authorized insurer or by some person or body of persons carrying on in Sri Lanka or in any other part of the Commonwealth countries the business of giving such undertakings as are referred to in paragraph (b), and authorized by the Minister, subject to such conditions as may be prescribed, to give such security for the purposes of this Part; and(b) consist of any undertaking by the giver of the security, subject to any conditions specified therein, to make good, up to an amount prescribed by section 100 (1) (c), in the case of a policy of insurance relating to a motor vehicle of that class, any failure on the part of the owner of the motor vehicle or such other persons or classes of persons as may be specified in the security, duly to discharge any such liability, required by section 100 (1) to be covered by a policy of insurance, as may be incurred by him or them."
Requirements as to securities.,101,1,a,,"be given either by an authorized insurer or by some person or body of persons carrying on in Sri Lanka or in any other part of the Commonwealth countries the business of giving such undertakings as are referred to in paragraph (b), and authorized by the Minister, subject to such conditions as may be prescribed, to give such security for the purposes of this Part; and"
Requirements as to securities.,101,1,b,,"consist of any undertaking by the giver of the security, subject to any conditions specified therein, to make good, up to an amount prescribed by section 100 (1) (c), in the case of a policy of insurance relating to a motor vehicle of that class, any failure on the part of the owner of the motor vehicle or such other persons or classes of persons as may be specified in the security, duly to discharge any such liability, required by section 100 (1) to be covered by a policy of insurance, as may be incurred by him or them."
Requirements as to securities.,101,2,,,The conditions prescribed for the purposes of paragraph (a) of subsection (1) may include a condition requiring a deposit to be made by any person or body of persons desiring to be authorized to give security for the purposes of this Part.
Requirements as to securities.,101,3,,,"A security shall be of no effect for the purposes of this Part unless and until there is issued, by the person or body of persons giving the security to the person to whom it is given, a certificate in the prescribed form and containing such particulars of any conditions subject to which the security is issued and of such other matters as may be prescribed."
Certain conditions in policies or securities to be of no effect.,102,1,,,"Where a certificate of insurance has been issued in connexion with a policy of insurance, so much of the policy as purports to restrict, or attach conditions, to the insurance of any person insured thereby shall, save as is otherwise provided in subsection (4), be of no effect as respects any such liability as is required to be covered by section 100 (1) (b)."
Certain conditions in policies or securities to be of no effect.,102,2,,,"Any condition in a policy of insurance effected for the purposes of this Part, providing that no liability shall arise under the policy, or that any liability so arising shall cease, in the event of some specified thing being done or omitted to be done after the happening of the event giving rise to a claim under the policy, shall be of no effect in connexion with any claims in respect of any liability mentioned in section 100 (l)(b)."
Certain conditions in policies or securities to be of no effect.,102,3,,,Nothing in subsection (1) or subsection (2) shall be deemed to render void any provision in a policy of insurance requiring the person insured to repay to the insurer any sums which the insurer may have become liable to pay under the policy and which have been applied to the satisfaction of the claims of third parties.
Certain conditions in policies or securities to be of no effect.,102,4,,,"Nothing in subsection (1) shall apply in the case of any condition in a policy of insurance, being a condition which-(a) excludes the use of the motor vehicle to which the policy relates-(i) for business purposes, except by the insured, or by some other named individual, in person;(ii) for business purposes, other than the business purposes of the insured ;(iii) for the carriage of goods or samples in connexion with any trade or business ;(iv) for the carriage of persons or goods for fee or reward ;(v) for organized racing or speed testing;(vi) on a contract of letting and hiring;(b) provides that the motor vehicle shall not be driven by a person other than-(i) the insured or any person driving with his express or implied permission;(ii) the insured or any person employed by him;(iii) any person or persons named in the policy;(c) provides that the motor vehicle shall not be driven by- (i) any person or persons named in the policy; (ii) any person who is not the holder of a driving licence; (iii) any person whose driving licence has been cancelled o suspended or who is for the time being disqualified for obtaining a driving licence ; or(d) in the case of a motor cycle which has no side car attached thereto, provides that no person other than the driver shall be carried thereon ;(e) excludes liability for injury caused or contributed to by conditions of war, riot or civil commotion."
Certain conditions in policies or securities to be of no effect.,102,4,a,,"excludes the use of the motor vehicle to which the policy relates-(i) for business purposes, except by the insured, or by some other named individual, in person;(ii) for business purposes, other than the business purposes of the insured ;(iii) for the carriage of goods or samples in connexion with any trade or business ;(iv) for the carriage of persons or goods for fee or reward ;(v) for organized racing or speed testing;(vi) on a contract of letting and hiring;"
Certain conditions in policies or securities to be of no effect.,102,4,a,i,"for business purposes, except by the insured, or by some other named individual, in person;"
Certain conditions in policies or securities to be of no effect.,102,4,a,ii,"for business purposes, other than the business purposes of the insured ;"
Certain conditions in policies or securities to be of no effect.,102,4,a,iii,for the carriage of goods or samples in connexion with any trade or business ;
Certain conditions in policies or securities to be of no effect.,102,4,a,iv,for the carriage of persons or goods for fee or reward ;
Certain conditions in policies or securities to be of no effect.,102,4,a,v,for organized racing or speed testing;
Certain conditions in policies or securities to be of no effect.,102,4,a,vi,on a contract of letting and hiring;
Certain conditions in policies or securities to be of no effect.,102,4,b,,provides that the motor vehicle shall not be driven by a person other than-(i) the insured or any person driving with his express or implied permission;(ii) the insured or any person employed by him;(iii) any person or persons named in the policy;
Certain conditions in policies or securities to be of no effect.,102,4,b,i,the insured or any person driving with his express or implied permission;
Certain conditions in policies or securities to be of no effect.,102,4,b,ii,the insured or any person employed by him;
Certain conditions in policies or securities to be of no effect.,102,4,b,iii,any person or persons named in the policy;
Certain conditions in policies or securities to be of no effect.,102,4,c,,provides that the motor vehicle shall not be driven by- (i) any person or persons named in the policy; (ii) any person who is not the holder of a driving licence; (iii) any person whose driving licence has been cancelled o suspended or who is for the time being disqualified for obtaining a driving licence ; or
Certain conditions in policies or securities to be of no effect.,102,4,d,,"in the case of a motor cycle which has no side car attached thereto, provides that no person other than the driver shall be carried thereon ;"
Certain conditions in policies or securities to be of no effect.,102,4,e,,"excludes liability for injury caused or contributed to by conditions of war, riot or civil commotion."
Certain conditions in policies or securities to be of no effect.,102,5,,,"Where a person, who has completed eighteen years of age, drives any motor vehicle in accordance with the conditions set out in section 123 (2) for the purpose of learning to drive a motor vehicle, no condition inserted under paragraph (c) (ii) of subsection (4) in the policy of insurance relating to that vehicle shall be of any effect as respects any such liability, as is required to be covered by section 100 (1) (b), and as may be incurred while the motor vehicle is driven by that person."
Production of certificate of insurance or certificate of security on application for revenue licence ,103,,,,"Every applicant for a revenue licence for a motor vehicle other than a motor vehicle belonging to the State or a local authority, shall produce to the licensing authority a certificate of insurance or a certificate of security, as the case may be, to prove that on the date on which the licence is to come into operation there will be in force the necessary policy of insurance or the necessary security in relation to the use of the motor vehicle by the applicant or by other persons on his order or with his permission."
Requirements as to production of certificate of insurance or of security.,104,1,,,"The driver of any motor vehicle on a highway shall, on being required so to do by any police officer, give his name and address and the name and address of the owner of the vehicle, and produce for inspection the certificate of insurance or of security issued in respect of that vehicle :"
Requirements as to production of certificate of insurance or of security.,104,1,,,"Provided, however, that no person shall be deemed to have contravened the provisions of this subsection by reason only of the failure to produce such certificate, if before the expiry of a period of five days from the date on which the production of the certificate was so required, he delivers the certificate in person for inspection at such police station as may have been specified by him on that date."
Requirements as to production of certificate of insurance or of security.,104,2,,,The owner of a motor vehicle shall give such information as may be required by a police officer for the purpose of determining whether or not the vehicle was being driven in contravention of section 99 on any occasion when the driver was required under subsection (1) to produce the certificate.
Duty of insurers to satisfy decree against persons insured in respect of third-party risks.,105,1,,,"If after a certificate of insurance has been issued under section 100 (4) to the persons by whom a policy has been effected, a decree in respect of any such liability as is required by section 100 (1) (b) to be covered by a policy of insurance (being a liability covered by the terms of the policy) is obtained against any person insured by the policy, then notwithstanding that the insurer may be entitled to avoid or cancel, or may have avoided or cancelled, the policy, the insurer shall, subject to the provisions of sections 106 to 109, pay to the persons entitled to the benefit of the decree any sum payable thereunder in respect of that liability, including any amount payable in respect of costs and any sum payable in respect of interest on that sum under such decree."
Duty of insurers to satisfy decree against persons insured in respect of third-party risks.,105,2,,,"In this section, "" liability covered by the terms of the policy "" means a liability which is covered by the policy or which would be so covered but for the fact that the insurer is entitled to avoid or cancel, or has avoided or cancelled, the policy."
Insurers to have notice of actions.,106,,,,No sum shall be payable by an insurer under the provisions of section 105-
Insurers to have notice of actions.,106,a,,,"in respect of any decree, unless before or within seven days after the commencement of the action in which the decree was entered, notice of the action had been given to the insurer by a party to the action; or"
Insurers to have notice of actions.,106,b,,,"in respect of any decree, so long as execution thereof is stayed pending appeal."
Non-liability of insurer where policy is cancelled before event,107,,,,"No sum shall be payable by an insurer under the provisions of section 105 in connexion with any liability, it before the happening of the event which was the cause of the death or bodily injury giving rise to the liability, the policy was cancelled by mutual consent or by virtue of any provision contained therein and either-"
Non-liability of insurer where policy is cancelled before event,107,a,,,"before the happening of the said event the certificate of insurance was surrendered to the insurer, or an affidavit stating that the certificate had been lost or destroyed, was made and delivered to the insurer by the person to whom the certificate was issued ; or"
Non-liability of insurer where policy is cancelled before event,107,b,,,"after the happening of the said event but before the expiration of a period of fourteen days from the taking effect of the cancellation of the policy, the certificate was surrendered to the insurer or an affidavit was made and delivered to the insurer by the person to whom the certificate was issued ; or"
Non-liability of insurer where policy is cancelled before event,107,c,,,"either before or after the happening of the said event, but within the said period of fourteen days, the insurer has commenced proceedings under this Part in respect of the failure to surrender the certificate."
"Declaration of non-liability for misreport sensation,& c",108,1,,,"No sum shall be payable by an insurer under section 105 if, in any proceedings commenced before or within three months after the institution of the action in which the decree was entered, he has obtained from a court of competent jurisdiction-(a) a declaration that, apart from any provision contained in the policy, he is entitled to avoid it on the ground that it was obtained by the non-disclosure of a material fact, or by a representation of fact which was false in some material particular; or(b) if he has already avoided the policy on such ground, a declaration that he was entitled so to do apart from any provision contained in the policy;"
"Declaration of non-liability for misreport sensation,& c",108,1,a,,"a declaration that, apart from any provision contained in the policy, he is entitled to avoid it on the ground that it was obtained by the non-disclosure of a material fact, or by a representation of fact which was false in some material particular; or"
"Declaration of non-liability for misreport sensation,& c",108,1,b,,"if he has already avoided the policy on such ground, a declaration that he was entitled so to do apart from any provision contained in the policy;"
"Declaration of non-liability for misreport sensation,& c",108,1,,,"Provided that an insurer who has obtained such a declaration as aforesaid in any such proceedings shall not thereby become entitled to the benefit of this section as respects any decree obtained in an action instituted before the commencement of those proceedings, unless before or within seven days after the commencement of those proceedings he has given notice thereof to the person who is the plaintiff in the said action specifying the non-disclosure or false representation on which he proposes to rely; and any person to whom notice of such proceedings is so given shall be entitled, if he thinks fit, to be made a party to the proceedings."
"Declaration of non-liability for misreport sensation,& c",108,2,,,"In subsection (1) "" material fact "" and ""material particular"" mean respectively, a fact and a particular of such a nature as to influence the judgment of a prudent insurer in determining whether he will take the risk, and, if so, at what premium and on what conditions."
Declaration of non-liability for breach of condition,109,,,,"No sum shall be payable by an insurer under section 105 in respect of any decree it, in proceedings commenced before or within three months after the institution of the action in which the decree was entered, the insurer has obtained from a court of competent jurisdiction a declaration that a breach has been established of a condition specified in the policy, being one of the conditions enumerated in section 102 (4): Provided that an Insurer who has obtained such a declaration as aforesaid in any such proceedings shall not thereby become entitled to the benefit of this section as respects any decree obtained in an action instituted before the commencement of those proceedings, unless before or within seven days after the commencement of those proceedings he has given notice thereof to the person who is the plaintiff in the said action specifying the breach of condition on which he proposes to rely; and any person to whom notice of such proceedings is so given shall be entitled, if he thinks fit, to be made a party to the proceedings."
Recovery of excess amount pay by insurer,110,,,,"If the amount which an insurer becomes liable under section 105 to pay in respect of a liability of a person insured by a policy exceeds the amount for which he would, apart from the provisions of that section, be liable under the policy in respect of that liability, he shall be entitled to recover the excess from that person"
Further rights of third parties and effect of death on certain causes of action.,111,1,,,No settlement made by an insurer in respect of any claim which might be made by a third party in respect of any liability of the nature referred to in section 100 (1) (b) shall be valid unless such third party is a party to the settlement.
Further rights of third parties and effect of death on certain causes of action.,111,2,,,"Notwithstanding anything contained in any other law, the death of a person to whom a certificate of insurance had been issued, if it occurs after the happening of an event which has given rise to a claim under the provisions of this Part, shall not be a bar to the survival of any cause of action arising out of the said event against his estate or against the insurer."
Rights of third Parties against insurers on insolvency of the insured.,112,1,,,"Where under any policy of insurance effected for the purposes of this Part, a person is insured against any liability which he may incur to a third party, then-(a) in the event of the insured person being adjudged insolvent or making a composition or arrangement with his creditors, or(b) where the insured person is a company, in the event of a winding-up order being made or a resolution for a voluntary winding-up being passed with respect to the company, or of a receiver or manager of the company's business or undertaking being duty appointed, or of possession being taken, by or on behalf of the holders of any debentures secured by a floating charge, of any property comprised in or subject to the charge,"
Rights of third Parties against insurers on insolvency of the insured.,112,1,a,,"in the event of the insured person being adjudged insolvent or making a composition or arrangement with his creditors, or"
Rights of third Parties against insurers on insolvency of the insured.,112,1,b,,"where the insured person is a company, in the event of a winding-up order being made or a resolution for a voluntary winding-up being passed with respect to the company, or of a receiver or manager of the company's business or undertaking being duty appointed, or of possession being taken, by or on behalf of the holders of any debentures secured by a floating charge, of any property comprised in or subject to the charge,"
Rights of third Parties against insurers on insolvency of the insured.,112,1,,,"if, either before or after that event, any such liability to any third party is incurred by the insured person, his rights against the insurer under the contract in respect of the liability shall, notwithstanding anything contained in any other law to the contrary, be transferred to and vest in the third party to whom the liability is so incurred."
Rights of third Parties against insurers on insolvency of the insured.,112,2,,,"Where any condition in a policy issued for the purposes of this Part purports either directly or indirectly to avoid the policy or to alter the rights of the parties thereunder upon the happening to the insured person of any of the events specified in clause (a) or clause (b) of subsection (1), such condition shall be of no effect."
Rights of third Parties against insurers on insolvency of the insured.,112,3,,,"Upon a transfer of rights under subsection (I), the insurer shall be under the same liability to the third party as he would have been to the insured person; Provided, however, that-(a) if the liability of the insurer to the insured person exceeds the liability of the insured person to the third party, nothing in this Part shall affect the rights of the insured person against the insurer in respect of the excess; and(b) if the liability of the insurer to the insured person is less than the liability of the insured person to the third party, nothing in this Part shall affect the rights of the third party against the insured person in respect of the balance."
Rights of third Parties against insurers on insolvency of the insured.,112,3,a,,"if the liability of the insurer to the insured person exceeds the liability of the insured person to the third party, nothing in this Part shall affect the rights of the insured person against the insurer in respect of the excess; and"
Rights of third Parties against insurers on insolvency of the insured.,112,3,b,,"if the liability of the insurer to the insured person is less than the liability of the insured person to the third party, nothing in this Part shall affect the rights of the third party against the insured person in respect of the balance."
Duty to give information as to insurance.,113,1,,,"Every person, against whom a claim is made in respect of any liability referred to in section 100 (1) (b), shall on demand made by or on behalf of the person making the claim, state whether or not he is insured in respect of that liability by any policy issued for the purposes of this Part, or would have been so insured if the insurer had not avoided or cancelled the policy, and shall, if he is or would have been so insured, give such particulars with respect to that policy as were specified in the certificate of insurance issued in respect thereof."
Duty to give information as to insurance.,113,2,,,"In the event of any insured person being adjudged insolvent or making a composition or arrangement with his creditors, or, where the insured person is a company, in the event of a winding-up order being made or a resolution for a voluntary winding-up being passed with respect to the company, or of a receiver or manager of the company's business or undertaking being duly appointed, or of possession being taken, by or on behalf of the holders of any debentures secured by a floating charge, of any property comprised in or subject to the charge, it shall be the duty of the insolvent, debtor or company, as the case may be, or the official assignee or receiver in insolvency, trustee, liquidator, receiver or manager, or person in possession of the property, to give at the request of any person claiming that the insolvent, debtor or company is under such liability to him as is covered by the provisions of this Part, such information as may reasonably be required by him for the purpose of ascertaining whether any rights have been transferred to and vested in him by section 14, and for the purpose of enforcing such rights, if any; and any condition in a policy of insurance in so far as it purports whether directly or indirectly to avoid the contract or to alter the rights of the parties thereunder upon the giving of such information in the events aforesaid, or otherwise to prohibit or prevent the giving thereof in the said events, shall be of no effect."
Duty to give information as to insurance.,113,3,,,"If the information given to any person in pursuance of this section discloses ground for supposing that there have been or may have been transferred to him under section 112 rights against any particular insurer, that insurer shall be subject to the same duty as is imposed by this section on the persons therein mentioned."
Duty to give information as to insurance.,113,4,,,"The duty imposed by this section to give information shall include a duty to allow alt contracts of insurance, receipts for premiums, and other relevant documents, in the possession or power of the person on whom the duty is so imposed, to be inspected and copies thereof to be taken,"
Settlement between insurers and insured persons.,114,,,,"Where a person who is insured under a policy of insurance issued for the purposes of this Part has been adjudged insolvent, or where, if such insured person is a company, a winding-up order has been made or a resolution for a voluntary winding-up has been passed with respect to the company, no agreement made between the insurer and the insured person after liability has been incurred to a third party and after the commencement of the proceedings in insolvency or of the winding-up, as the case may be, nor any waiver, assignment or other disposition made by or payment made to the insured person after the commencement aforesaid shall be effective to defeat the rights transferred to the third party under section 14, but those rights shall be the same as if no such agreement, waiver, assignment, disposition or payment had been made."
Insolvency of insured person not to affect claims by third parties.,115,,,,"Where a certificate of insurance has been issued to the person by whom a policy has been effected, the happening in relation to any person insured by the policy of any such event as is mentioned in section 112(1) shall, notwithstanding anything contained in that section or in section 113, or section 114, not affect any liability of that person of the nature referred to in section 100 (1) (b) ; but nothing in this section shall affect any rights against the insurer conferred under the provisions of sections 112, 113 and 114 on the person to whom the liability was incurred"
"Application of sections 112, 113 and 114.",116,1,,,"For the purposes of sections 112, 113 and 114 the expression ""liabilities to third parties"" in relation to a person insured under any policy of insurance shall not include any liability of that person in the capacity of insurer under some other policy of insurance."
"Application of sections 112, 113 and 114.",116,2,,,"The provisions of sections 112, 113 and 114 shall not apply-(a) where a company is wound up voluntarily merely for the purposes of reconstruction or of amalgamation with another company; or(b) to any case to which subsections (1) and (2) of section 24 of the Workmen's Compensation Ordinance apply."
"Application of sections 112, 113 and 114.",116,2,a,,where a company is wound up voluntarily merely for the purposes of reconstruction or of amalgamation with another company; or
"Application of sections 112, 113 and 114.",116,2,b,,to any case to which subsections (1) and (2) of section 24 of the Workmen's Compensation Ordinance apply.
Duty to surrender certificate on cancellation of policy.,117,,,,"Whenever the period of cover under a policy for insurance issued for the purposes of this Part is terminated or suspended by any means before its expiration by effluxion of time, the insured person shall, within seven days after such termination or suspension, deliver to the insurer by whom the policy was issued the latest certificate of insurance given by the insurer in respect of the said policy, or, if the said certificate has been lost or destroyed, make and deliver to the insurer an affidavit to that effect."
Duty of insurer to notify Commissioner or cancellation or suspension or suspension of the policy.,118,,,,"Whenever a policy of insurance issued for the purposes of this Part is cancelled or suspended by the insurer who has issued the policy, the insurer shall within seven days notify such cancellation to the Commissioner or to such other authority as may be prescribed."
Application of this part to securities,119,,,,"The provisions of section 102 and of sections 105 to 118 shall apply in relation to securities having effect under this Part as they apply in relation to policies of insurance, and in relation to any such security as aforesaid, references in any of those sections to being insured, to a certificate of insurance, to an insurer, and to persons insured, shall be construed respectively as references to the having in force of the security, to the certificate of security, and to the persons whose liability is covered by the security."
Application of deposits,120,,,,"No part of any sum which may be deposited by any insurer or any person or body of persons in accordance with any regulation made for the purposes of section 100 or section 101 shall, so long as any liabilities which have been incurred by him, being such liabilities as are required to be covered by a policy of insurance under this Part, have not been discharged or otherwise provided for, be applicable in discharge of any other liabilities incurred by him"
"Regulations for the purposes of this Part,",121,,,,Regulations may be made for or in respect of all or any of the following matters:-
"Regulations for the purposes of this Part,",121,a,,,all matters stated or required in this Part to be prescribed ;
"Regulations for the purposes of this Part,",121,b,,,the forms to be used for the purposes of this Part;
"Regulations for the purposes of this Part,",121,c,,,"the conditions subject to which an insurer or a person or body of persons giving security may be authorized for the purposes of section 100 or section 101, and the amount of the deposit that may be required and the person with whom and the manner in which such deposit is to be made and kept;"
"Regulations for the purposes of this Part,",121,d,,,"applications for and the issue of, certificates of insurance or of security; the custody, production, cancellation and suspension of such certificates, and the issue of duplicates of such certificates;"
"Regulations for the purposes of this Part,",121,e,,,"the records to be kept by insurers and by persons giving securities for the purposes of this Part, and the information to be furnished to the Commissioner and to licensing authorities by such insurers and persons;"
"Regulations for the purposes of this Part,",121,f,,,the adaptation or modification of any of the provisions of this Part for the purpose of the application of such provision in the case of motor vehicles imported for use in Sri Lanka by visitors making a temporary stay in Sri Lanka;
"Regulations for the purposes of this Part,",121,g,,,all matters connected with or incidental to the matters specifically referred to in this section; and
"Regulations for the purposes of this Part,",121,h,,,all such other matters as may be necessary for carrying out or giving effect to the principles and provisions of this Part.
